projectKey,repos,totalSize,totalSizeBytes
"",1,"285.32 TB",313711908414648
"default",977,"91.87 TB",101015940777264
"isit",24,"67.25 TB",73939619671163
"topaz-febric",11,"62.34 TB",68539822140051
"ilen",39,"16.55 TB",18194293877736
"leap",8,"10.80 TB",11874143272475
"jonprerepo",428,"10.48 TB",11521392113070
"infosys-ai",4,"5.55 TB",6101761022998
"iaina",6,"4.88 TB",5364623240754
"imsicamp",3,"4.04 TB",4442807288268
"wingspan",2,"3.13 TB",3444240802526
"ailedse",3,"2.12 TB",2329375775544
"ivsolmy2",2,"1.64 TB",1805491496697
"aqi",2,"1.42 TB",1566299389506
"fbp",12,"603.17 GB",647645979352
"autonomous-store",2,"464.08 GB",498303536173
"fnsp",3,"334.75 GB",359432776309
"doedocker",2,"282.07 GB",302871848543
"pftrust",2,"274.15 GB",294361389940
"iin-sandbo",2,"270.63 GB",290585799414
"podman",2,"160.27 GB",172091345483
"mana-gradle",9,"109.55 GB",117625434431
"stg",8,"108.05 GB",116016949387
"evjfrog",49,"80.85 GB",86812498604
"impback",2,"65.12 GB",69920849993
"itaf-repo",2,"62.96 GB",67598832904
"eii",36,"38.14 GB",40951228347
"idw",2,"34.22 GB",36745023099
"tasproject",2,"28.06 GB",30127644201
"isna",5,"24.04 GB",25817445694
"isc",2,"20.74 GB",22267209260
"telco",5,"19.82 GB",21278725995
"sipmp",2,"19.27 GB",20689560572
"reuse-tool",9,"18.60 GB",19970288379
"infcat",2,"16.68 GB",17911901290
"mb",4,"16.40 GB",17614159589
"datawizard",2,"16.29 GB",17489115689
"hiladgsol",2,"14.70 GB",15786425718
"ictdsfh5",2,"13.74 GB",14751274974
"fsstar-itap",2,"13.33 GB",14313959874
"lecap",2,"12.81 GB",13754987318
"project-analytics",2,"12.62 GB",13554867029
"insis",2,"10.90 GB",11707251915
"ekw",29,"10.02 GB",10755357062
"issp",2,"8.86 GB",9513163980
"ainadel",4,"8.70 GB",9341682179
"imossctr",2,"8.44 GB",9061146990
"iot-iiwp",3,"8.28 GB",8890026912
"dna",2,"8.12 GB",8721911486
"infyequino",4,"8.00 GB",8584794088
"equinox",2,"7.41 GB",7958485342
"agailed",2,"7.21 GB",7737056973
"ipnm",2,"7.14 GB",7670510959
"test",4,"6.39 GB",6862608308
"infygen",2,"6.23 GB",6685316749
"orcall-ult",2,"6.19 GB",6646698513
"iam",3,"5.86 GB",6289390881
"vdp",3,"5.75 GB",6170102772
"eq",9,"5.27 GB",5654087840
"fsdgtl",3,"5.25 GB",5637341970
"itafneces",2,"5.05 GB",5427185476
"ddd",6,"4.42 GB",4740792735
"icets",3,"4.27 GB",4584403134
"ag-blackduck-wrapper",8,"4.13 GB",4436321811
"docwb",4,"3.55 GB",3812770702
"iocsui",2,"3.42 GB",3676151638
"infyeqnpm",3,"3.26 GB",3502522860
"dtcccsp1",2,"3.20 GB",3435359782
"fsdgtlui",2,"2.81 GB",3018339121
"ipp",5,"2.64 GB",2838476320
"eaisscm",2,"2.14 GB",2293441113
"cs-ppcgcp100",3,"1.81 GB",1945623247
"iap",3,"1.70 GB",1830445924
"eta-java-artifacts",4,"1.70 GB",1829735137
"infosys-ai-factory",2,"1.69 GB",1813247585
"imossdcr",2,"853.57 MB",895036002
"btfn6ndx",4,"836.60 MB",877242719
"isep",2,"780.32 MB",818227499
"ttmgen",2,"612.04 MB",641766814
"isg",3,"552.48 MB",579319433
"qaa",2,"547.94 MB",574555873
"faa",3,"494.22 MB",518228285
"gseb-haus-heim",6,"405.28 MB",424967933
"vnpub",4,"385.88 MB",404619338
"vngp",4,"373.58 MB",391729827
"pnbgstas",2,"348.42 MB",365340661
"chainguard",2,"323.67 MB",339393626
"eta-apple",3,"319.84 MB",335375986
"kube-guild",3,"255.18 MB",267571767
"sampleproj",2,"217.91 MB",228492550
"marcomstg",2,"204.67 MB",214610599
"icetsplat",2,"177.04 MB",185634845
"jadmin",6,"109.18 MB",114480762
"pepsico",6,"87.11 MB",91341146
"airbus",5,"82.40 MB",86403246
"ivsfs",3,"65.32 MB",68491120
"infymovie",2,"55.94 MB",58658522
"mv",2,"52.17 MB",54699511
"inca",2,"46.60 MB",48865607
"vnmp",5,"45.86 MB",48086192
"citiicon",2,"28.83 MB",30235128
"dnaowbmvn",2,"11.01 MB",11545237
"cehrepo",2,"3.68 MB",3855740
"vngradle",2,"2.63 MB",2756484
"aginternal",2,"478.40 KB",489884
"finacle",4,"142.55 KB",145968
"sts",2,"137.96 KB",141270
"cybersec",2,"41.78 KB",42784
"bebot",2,"14.65 KB",15004
"hiladg",3,"12.35 KB",12642
"iptp",2,"1.89 KB",1936
"pcs",3,"337 bytes",337
"agamm",2,"317 bytes",317
"isworkflow",4,"48 bytes",48
"aginfra",2,"16 bytes",16
"ccdblaks",3,"16 bytes",16
"ibap",2,"16 bytes",16
"icets-comm",2,"16 bytes",16
"icnt",2,"16 bytes",16
"iseca",2,"16 bytes",16
"itca",2,"16 bytes",16
"resumepars",3,"16 bytes",16
"scale-toolbox",2,"16 bytes",16
"sdam",2,"16 bytes",16
"ssccstmy",2,"16 bytes",16
"wrapper",2,"16 bytes",16
"abbp2mz1",1,"0 bytes",0
"admcoe",1,"0 bytes",0
"admlmsol",1,"0 bytes",0
"aip",1,"0 bytes",0
"ajeyadb",1,"0 bytes",0
"akash",1,"0 bytes",0
"allremote",1,"0 bytes",0
"anzproj",1,"0 bytes",0
"barista",1,"0 bytes",0
"bccorenft",1,"0 bytes",0
"bofa",1,"0 bytes",0
"bpcore",1,"0 bytes",0
"cabbots",1,"0 bytes",0
"ccddcm-iremote",1,"0 bytes",0
"cmapimanag",1,"0 bytes",0
"comcast",1,"0 bytes",0
"cortex",1,"0 bytes",0
"cox",1,"0 bytes",0
"cscontent",1,"0 bytes",0
"dabm",1,"0 bytes",0
"deh-finacl",1,"0 bytes",0
"dna-internal",1,"0 bytes",0
"dnaauto",1,"0 bytes",0
"docker-hardened",1,"0 bytes",0
"doemvn",1,"0 bytes",0
"ecsadm-telstra",1,"0 bytes",0
"engineering-tools",2,"0 bytes",0
"enn",2,"0 bytes",0
"eqtrpune",1,"0 bytes",0
"equinoxrpm",1,"0 bytes",0
"eta",2,"0 bytes",0
"eta-java",2,"0 bytes",0
"eta-ui",2,"0 bytes",0
"eta-ui-fp",1,"0 bytes",0
"eta-uim",1,"0 bytes",0
"evdevit",1,"0 bytes",0
"extgiwork",2,"0 bytes",0
"fev",1,"0 bytes",0
"fin",1,"0 bytes",0
"fnsp-anzib",1,"0 bytes",0
"fsadm2",1,"0 bytes",0
"fsadm2ccdp",1,"0 bytes",0
"genieservice",1,"0 bytes",0
"gstnnew",1,"0 bytes",0
"helix",2,"0 bytes",0
"hilddisol",1,"0 bytes",0
"hytt",1,"0 bytes",0
"icets-icta",1,"0 bytes",0
"ictlptmc",1,"0 bytes",0
"idp",1,"0 bytes",0
"idss",1,"0 bytes",0
"iefui",1,"0 bytes",0
"iig",1,"0 bytes",0
"iigengined",1,"0 bytes",0
"iigenginep",1,"0 bytes",0
"iigmeta",1,"0 bytes",0
"iiguidocke",1,"0 bytes",0
"iks-master",1,"0 bytes",0
"ile-core-lite-next",1,"0 bytes",0
"ile-core-lite-next-coex",1,"0 bytes",0
"ile-core-next",1,"0 bytes",0
"ile-core-next-coex",1,"0 bytes",0
"ilead",2,"0 bytes",0
"ilo",1,"0 bytes",0
"imh",1,"0 bytes",0
"imoss",1,"0 bytes",0
"impact",2,"0 bytes",0
"inca-npm",1,"0 bytes",0
"inf-cat",1,"0 bytes",0
"infosys-qauto-insights",1,"0 bytes",0
"infosysclamav",1,"0 bytes",0
"infy",1,"0 bytes",0
"infydocwb",1,"0 bytes",0
"infyprojectyoda",1,"0 bytes",0
"infyvaish",1,"0 bytes",0
"insight-re",1,"0 bytes",0
"internal",1,"0 bytes",0
"iqe",1,"0 bytes",0
"is",1,"0 bytes",0
"isaiml",1,"0 bytes",0
"isbimys1",1,"0 bytes",0
"itaf-dkr",1,"0 bytes",0
"itap",1,"0 bytes",0
"itap-mvn",1,"0 bytes",0
"ivm",1,"0 bytes",0
"ivs",1,"0 bytes",0
"ivsolcn1",1,"0 bytes",0
"ivsolin2",1,"0 bytes",0
"ivsolstp",1,"0 bytes",0
"kone",2,"0 bytes",0
"leds",1,"0 bytes",0
"mana-npm",1,"0 bytes",0
"mcip",1,"0 bytes",0
"msusp",2,"0 bytes",0
"musgrave",1,"0 bytes",0
"nbnperin",1,"0 bytes",0
"nia",1,"0 bytes",0
"nnp",2,"0 bytes",0
"ocp",1,"0 bytes",0
"pdr",1,"0 bytes",0
"pilotpoc",1,"0 bytes",0
"poc",1,"0 bytes",0
"polycloud",1,"0 bytes",0
"project",1,"0 bytes",0
"projecta",1,"0 bytes",0
"projectyod",1,"0 bytes",0
"psv-player",1,"0 bytes",0
"pypi",1,"0 bytes",0
"pypr",1,"0 bytes",0
"pythoncomm",1,"0 bytes",0
"pythonfw",2,"0 bytes",0
"qaut",1,"0 bytes",0
"qauto",1,"0 bytes",0
"qautoi",1,"0 bytes",0
"qcd",1,"0 bytes",0
"qlty",1,"0 bytes",0
"qlty-tas",1,"0 bytes",0
"qltyimp",1,"0 bytes",0
"rabobank",1,"0 bytes",0
"rcldcg",1,"0 bytes",0
"remote",1,"0 bytes",0
"sbequest-e",1,"0 bytes",0
"scmbloc",1,"0 bytes",0
"sivssmy1",1,"0 bytes",0
"sozi",1,"0 bytes",0
"spear",1,"0 bytes",0
"stgiwp",1,"0 bytes",0
"stgpwdna",1,"0 bytes",0
"teamassistantapp",1,"0 bytes",0
"telemetry",1,"0 bytes",0
"tkmgstas",1,"0 bytes",0
"tktaudit",1,"0 bytes",0
"tomsdxsz",6,"0 bytes",0
"tpp",1,"0 bytes",0
"tsibgsta",1,"0 bytes",0
"uicore",1,"0 bytes",0
"vndummy",1,"0 bytes",0
"vnpm",2,"0 bytes",0
"vnpyprj",1,"0 bytes",0
"wpteshz",1,"0 bytes",0
