target,host,tcp,http,type,jfrog_repo_type,access,final_url,your_note,error
"https://nexus.magnolia-cms.com/repository/public","nexus.magnolia-cms.com","open","400","maven","Maven","public (auth/license required)","","",""
"https://nexus.onap.org/","nexus.onap.org","timeout","","maven","Maven","unreachable (timeout)","","","timeout"
"https://nexus3.onap.org:10001","nexus3.onap.org:10001","timeout","","docker","Docker","unreachable (timeout)","https://nexus3.onap.org:10001/","","timeout"
"https://node-precompiled-binaries.grpc.io/","node-precompiled-binaries.grpc.io","open","200","generic","Generic","public / reachable","","",""
"https://nodejs.org/","nodejs.org","open","200","generic","Generic","public / reachable","https://nodejs.org/en","",""
"https://nodejs.org/dist","nodejs.org","open","200","generic","Generic","public / reachable","https://nodejs.org/dist/","",""
"https://nodejs.org/dist/","nodejs.org","open","200","generic","Generic","public / reachable","","",""
"https://nodejs.org/download/release","nodejs.org","open","200","generic","Generic","public / reachable","https://nodejs.org/download/release/","",""
"https://npm.daypilot.org/","npm.daypilot.org","open","200","npm","npm","public / reachable","","",""
"https://npm.magnolia-cms.com/repository/npm-enterprise/","npm.magnolia-cms.com","open","401","npm","npm","public (auth/license required)","","",""
"https://npmmirror.com/mirrors/electron","npmmirror.com","open","404","npm","npm","public / reachable","https://cdn.npmmirror.com/binaries/electron","",""
"https://nuget.telerik.com/nuget","nuget.telerik.com","open","401","nuget","NuGet","public (auth/license required)","","",""
"https://nvcr.io/","nvcr.io","open","401","docker","Docker","reachable (auth required)","","",""
"https://ollama.com/download/","ollama.com","open","200","generic","Generic","public / reachable","https://ollama.com/download","",""
"https://operator.min.io/","operator.min.io","open","200","docker","Docker","public / reachable","","",""
"https://oss.sonatype.org/content/groups/public/","oss.sonatype.org","open","200","maven","Maven","public / reachable","https://repo1.maven.org/maven2/","",""
"https://packages.broadcom.com/artifactory/spring-enterprise","packages.broadcom.com","open","401","maven","Maven","public (auth/license required)","","",""
"https://packages.cloud.google.com/","packages.cloud.google.com","open","404","generic","Generic","public / reachable","","",""
"https://packages.confluent.io/maven/","packages.confluent.io","open","200","maven","Maven","public / reachable","","",""
"https://packages.drupal.org/","packages.drupal.org","open","200","generic","Generic","public / reachable","https://new.drupal.org/home","",""
"https://packages.microsoft.com:443","packages.microsoft.com","open","200","debian","Debian","public / reachable","https://packages.microsoft.com:443/","",""
"https://pecl.php.net","pecl.php.net","open","200","generic","Generic","public / reachable","https://pecl.php.net/","",""
"https://pkg.jenkins.io/redhat-stable/","pkg.jenkins.io","open","200","rpm","YUM/RPM","public / reachable","https://pkg.jenkins.io/rpm-stable/","",""
"https://plugins.gradle.org/","plugins.gradle.org","open","200","gradle","Gradle (Maven layout)","public / reachable","","",""
"https://plugins.gradle.org/m2","plugins.gradle.org","open","200","gradle","Gradle (Maven layout)","public / reachable","https://plugins.gradle.org/m2/","",""
"https://plugins.gradle.org/m2/","plugins.gradle.org","open","200","gradle","Gradle (Maven layout)","public / reachable","","",""
"https://portal.dl.kx.com","portal.dl.kx.com","open","200","generic","Generic","public (auth/license required)","https://portal.dl.kx.com/","",""
"https://projects.registry.vmware.com","projects.registry.vmware.com","open","200","docker","Docker","public / reachable","https://projects.registry.vmware.com/ui/","",""
"https://proxy.golang.org/","proxy.golang.org","open","200","go","Go","public / reachable","","",""
"https://pub.dartlang.org","pub.dartlang.org","open","200","pub","Generic (no native Pub type)","public / reachable","https://pub.dev/","",""
"https://pub.dev","pub.dev","open","200","pub","Generic (no native Pub type)","public / reachable","https://pub.dev/","",""
"https://public.ecr.aws","public.ecr.aws","open","200","docker","Docker","public / reachable","https://gallery.ecr.aws/","",""
"https://pypi.org/","pypi.org","open","200","pypi","PyPI","public / reachable","https://jfrogrepo24.jfrog.io/artifactory/api/pypi/pypi-remote/?skipUrlTranslation=false","",""
"https://pypi.org/simple","pypi.org","timeout","","pypi","PyPI","unreachable (timeout)","https://jfrogrepo24.jfrog.io/artifactory/api/pypi/pypi-remote/simple/","","timeout"
"https://pypi.python.org/","pypi.python.org","open","200","pypi","PyPI","public / reachable","https://jfrogrepo24.jfrog.io/artifactory/api/pypi/pypi-remote/?skipUrlTranslation=false","",""
"https://quay.io/","quay.io","open","200","docker","Docker","public / reachable","","",""
"https://ray-project.github.io/kuberay-helm/","ray-project.github.io","open","404","helm","Helm","public / reachable","","",""
"https://registry-1.docker.io","registry-1.docker.io","open","401","docker","Docker","reachable (auth required)","https://registry-1.docker.io/","",""
"https://registry-1.docker.io/","registry-1.docker.io","open","401","docker","Docker","reachable (auth required)","","",""
"https://registry-1.docker.io/TopazCloudContainerRegistry","registry-1.docker.io","open","401","docker","Docker","reachable (auth required)","","",""
"https://registry.gitlab.com","registry.gitlab.com","open","200","docker","Docker","public / reachable","https://registry.gitlab.com/","",""
"https://registry.k8s.io","registry.k8s.io","open","200","docker","Docker","public / reachable","https://github.com/kubernetes/registry.k8s.io","",""
"https://registry.k8s.io/","registry.k8s.io","open","200","docker","Docker","public / reachable","https://github.com/kubernetes/registry.k8s.io","",""
"https://registry.npmjs.org","registry.npmjs.org","open","200","npm","npm","public / reachable","https://jfrogrepo24.jfrog.io/artifactory/api/npm/npmjs/","",""
"https://registry.redhat.io","registry.redhat.io","open","200","docker","Docker","public (auth/license required)","https://catalog.redhat.com/en","",""
"https://registry.redhat.io/","registry.redhat.io","open","200","docker","Docker","public (auth/license required)","https://catalog.redhat.com/en","",""
"https://registry.yarnpkg.com","registry.yarnpkg.com","open","200","npm","npm","public / reachable","https://jfrogrepo24.jfrog.io/artifactory/api/npm/npmjs/","",""
"https://releases-docker.jfrog.io","releases-docker.jfrog.io","open","200","docker","Docker","public / reachable","https://releases-docker.jfrog.io/","",""
"https://releases.ansible.com/ansible-tower/","releases.ansible.com","open","200","generic","Generic","public / reachable","","",""
"https://releases.jfrog.io/artifactory/artifactory-pro-rpms/","releases.jfrog.io","open","200","rpm","YUM/RPM","public / reachable","","",""
"https://releases.jfrog.io/artifactory/jfrog-mc/rpm/","releases.jfrog.io","open","200","rpm","YUM/RPM","public / reachable","","",""
"https://releases.jfrog.io/artifactory/jfrog-releases/data-transfer/","releases.jfrog.io","open","200","generic","Generic","public / reachable","","",""
"https://releases.jfrog.io/artifactory/jfrog-rpms/","releases.jfrog.io","open","200","rpm","YUM/RPM","public / reachable","","",""
"https://releases.jfrog.io/artifactory/jfrog-xray/xray-rpm","releases.jfrog.io","open","200","rpm","YUM/RPM","public / reachable","https://releases.jfrog.io/artifactory/jfrog-xray/xray-rpm/","",""
"https://releases.jfrog.io/artifactory/pipelines-tasks","releases.jfrog.io","open","200","generic","Generic","public / reachable","https://releases.jfrog.io/artifactory/pipelines-tasks/","",""
"https://releases.jfrog.io/artifactory/pipelines-templates","releases.jfrog.io","open","200","generic","Generic","public / reachable","https://releases.jfrog.io/artifactory/pipelines-templates/","",""
"https://repo.adobe.com/nexus/content/repositories/public","repo.adobe.com","open","404","maven","Maven","public (auth/license required)","","",""
"https://repo.almalinux.org/almalinux/9/CRB/x86_64/os/Packages","repo.almalinux.org","open","200","rpm","YUM/RPM","public / reachable","https://raw.repo.almalinux.org/almalinux/9/CRB/x86_64/os/Packages/","",""
"https://repo.anaconda.com/pkgs/main","repo.anaconda.com","open","200","conda","Conda","public / reachable","https://repo.anaconda.com/pkgs/main/","",""
"https://repo.catchpoint.net/repo/","repo.catchpoint.net","open","200","maven","Maven","public / reachable","","",""
"https://repo.clojars.org/","repo.clojars.org","open","200","maven","Maven","public / reachable","","",""
"https://repo.eclipse.org","repo.eclipse.org","open","200","maven","Maven","public / reachable","https://repo.eclipse.org/","",""
"https://repo.eclipse.org/content/repositories/releases/","repo.eclipse.org","open","200","maven","Maven","public / reachable","","",""
"https://repo.grails.org/grails/core/org/grails/plugins/mongodb/","repo.grails.org","open","200","maven","Maven","public / reachable","","",""
"https://repo.grails.org/grails/plugins/org/grails/plugins/mongodb/","repo.grails.org","open","200","maven","Maven","public / reachable","","",""
"https://repo.hortonworks.com/content/repositories/releases/","repo.hortonworks.com","ssl-error","","maven","Maven","unreachable (ssl-error)","","","ssl-error"
"https://repo.jenkins-ci.org/public/","repo.jenkins-ci.org","open","200","maven","Maven","public / reachable","","",""
"https://repo.jenkins-ci.org/releases/","repo.jenkins-ci.org","open","200","maven","Maven","public / reachable","","",""
"https://repo.magento.com","repo.magento.com","open","200","generic","Generic","public (auth/license required)","https://commercemarketplace.adobe.com/","",""
"https://repo.maven.apache.org/","repo.maven.apache.org","open","200","maven","Maven","public / reachable","","",""
"https://repo.maven.apache.org/maven2","repo.maven.apache.org","open","200","maven","Maven","public / reachable","https://repo.maven.apache.org/maven2/","",""
