groupname,usernames
"ZF-Manage",""
"alpha-cicd-automation-agents",""
"alpha-dev-group",""
"alpha-ps-admins","sumanth"
"alpha-ps-devs","nagag; sumanth"
"armor-reader",""
"bmcgroup1",""
"br-all-all-jenkins-uce",""
"cgs-immersive-admin-group",""
"cgs-immersive-immerseapp1-dev-group",""
"cgs-immersive-immerseapp2-dev-group",""
"cgs-learning-abamcle-dev-group",""
"cgs-learning-admin-group",""
"cgs-learning-arc-dev-group",""
"cgs-learning-immersive-admin-group",""
"class-admin",""
"dev-team-group",""
"ics-admin-group",""
"ics-developer-group",""
"ics-reader-group",""
"israelrailway-ci-group",""
"israelrailway-dev-group",""
"israelrailway-sec-group",""
"jfrog-owners",""
"jfrog-workshop-group",""
"krypto-data-Developer","alice-dev"
"krypto-data-ReleaseManager","bob-rel"
"krypto-data-Viewer","charlie-view"
"lp231_x",""
"new_6_group",""
"new_group",""
"ops-team-group",""
"permtestgroup",""
"pm-group",""
"po-tl-group",""
"ps-group-test",""
"psinfra-admins",""
"psinfra-developers",""
"psinfra-maintainers",""
"psinfra-security-admins",""
"psinfra-security-viewers",""
"psinfra-viewers",""
"qa-team-group",""
"readers","alice-dev; jeevanr@jfrog.com; deltasecops; rail; bob-rel; security-champ-nex; sureshv@jfrog.com; charlie-view; rahulja@jfrog.com; danielmi@jfrog.com; matthewbr@jfrog.com"
"sec-group",""
"secops","security-champ-nex"
"secops-nexus","security-champ-nex"
"sum-dev-developers","sum-dev-alice"
"sum-dev-readers","sum-dev-bob"
"sum-group","sumanth; akshathap@jfrog.com"
"sum2-group","sumanth; anilkt@jfrog.com; akshathap@jfrog.com; sumanthsv@jfrog.com"
"sum3-group",""
"terraform_curation_admin_group",""
"worksafeper-project-privategroup",""
"worksafeper-project-publicgroup",""
"worksafeperm-project-admingroup",""
"worksafeperm-security-group",""
"worksafepermadmin",""
"worksafeperprivategroup",""
"worksafeperpublicgroup",""
